Wavelength (nm),30 s reaction,30 s reaction_overnight,300 s reaction,300 s reaction_overnight,600 s reaction,600 s reaction_overnight
800.0072632,-0.005009852,0.007714703,0.001161891,0.008062292,0.008462709,0.009368935
798.9976196,-0.0046407,0.007412733,0.000851966,0.008028986,0.008472554,0.009290067
797.9876099,-0.004428489,0.007718523,0.001153041,0.007782375,0.008806222,0.009479247
797.012085,-0.004687463,0.007565799,0.001255081,0.007847632,0.008595049,0.00948729
796.0013428,-0.004860744,0.007599148,0.00068398,0.007682057,0.008514685,0.00952203
794.9901123,-0.004705542,0.007336693,0.001319521,0.007867533,0.00861406,0.00939975
794.0134277,-0.004302608,0.007651599,0.001413861,0.008142757,0.00880638,0.00994178
793.0014038,-0.004527691,0.007512409,0.001141413,0.008003225,0.008618575,0.009351186
791.9890747,-0.004824957,0.007424529,0.000944181,0.007912161,0.008502251,0.009494963
791.0111084,-0.005354604,0.007193446,0.001142737,0.007743557,0.008371048,0.00936055
789.9980469,-0.004643569,0.007177549,0.001214766,0.008100214,0.008504495,0.009752133
788.984375,-0.004240578,0.007612688,0.001705996,0.008346691,0.009088783,0.010496393
788.0054932,-0.004762284,0.0076193,0.001474506,0.008073262,0.008913855,0.009726427
786.9910278,-0.004590142,0.007733623,0.001282652,0.008200075,0.008719982,0.009788933
786.0112915,-0.004946028,0.007387823,0.001228757,0.008081332,0.008328035,0.009401443
784.9962158,-0.004841852,0.00766962,0.001076299,0.008165969,0.008490768,0.009745567
784.015686,-0.004283539,0.007915905,0.001480558,0.008352786,0.008663175,0.010226379
782.9998169,-0.00472823,0.007787777,0.001665587,0.00822395,0.008805958,0.010017375
781.9833984,-0.004813283,0.007679922,0.001206381,0.008483957,0.008451597,0.00987814
781.0018311,-0.004582714,0.007963491,0.001526925,0.008546892,0.009106493,0.009794255
779.9847412,-0.004786146,0.007474379,0.001102562,0.007848054,0.008407678,0.009470569
779.0023193,-0.004552385,0.007791836,0.001552383,0.008607432,0.008629243,0.010143274
777.984436,-0.004415676,0.007920333,0.001531185,0.008374293,0.008462207,0.010131562
777.0012817,-0.004891461,0.007414154,0.001290675,0.008450857,0.008817106,0.009508615
775.982666,-0.004553769,0.007552892,0.001697264,0.008618047,0.00876895,0.010060715
774.9987793,-0.004670613,0.007792943,0.001772998,0.008397914,0.008746921,0.010245329
774.0145874,-0.004690434,0.007795815,0.001564697,0.008771618,0.008914146,0.009917944
772.994751,-0.004738676,0.007801956,0.001636276,0.008758332,0.008983484,0.010161637
772.0097046,-0.004497461,0.007925052,0.001961506,0.008942154,0.008731022,0.010516893
770.9891968,-0.004719114,0.007740026,0.00196187,0.00880852,0.008997913,0.010499973
770.003479,-0.004355507,0.008458802,0.002156625,0.009384435,0.009469564,0.01043999
769.0172729,-0.004161104,0.007992414,0.001986912,0.009238632,0.008923446,0.010400351
767.9956665,-0.004661393,0.008009737,0.002384575,0.009218378,0.008925904,0.010409896
767.008728,-0.004243603,0.007827232,0.002256273,0.009189823,0.009136127,0.010358144
765.9862671,-0.004452369,0.007666011,0.002582853,0.009291468,0.00876755,0.010407457
764.9987793,-0.004110745,0.008129728,0.002553949,0.009671448,0.008801969,0.01087305
764.0107422,-0.004468254,0.007829024,0.002276284,0.009383827,0.009795631,0.010462052
762.9871826,-0.00442854,0.008173671,0.002124082,0.009451785,0.009452103,0.010432063
761.9985352,-0.004671228,0.007678526,0.001855842,0.009213169,0.009036103,0.01035984
761.0094604,-0.004442735,0.008070994,0.002300251,0.009672984,0.009302707,0.010619804
759.9846802,-0.004378674,0.008069465,0.002090917,0.00951179,0.00925746,0.010454256
758.9949341,-0.004488392,0.008257507,0.002270949,0.009599882,0.009263515,0.010730568
758.0048218,-0.004325727,0.00793362,0.001705632,0.009163648,0.008850471,0.010257918
757.0144043,-0.004633632,0.007623462,0.001757429,0.009538092,0.009016545,0.010588027
755.9881592,-0.004477785,0.00764085,0.00210837,0.009488665,0.009085293,0.010272708
754.9968872,-0.004780923,0.00790905,0.001796755,0.009470516,0.009013533,0.010176662
754.0053711,-0.004566832,0.007458341,0.001775831,0.008939829,0.008527198,0.010095475
753.0133667,-0.004461336,0.008158952,0.001933995,0.009431494,0.009031531,0.010169587
751.9857178,-0.004453445,0.008043252,0.001934047,0.009229933,0.008830341,0.010448158
750.993042,-0.004259188,0.008102034,0.001876432,0.009114714,0.008797373,0.010471307
750.000061,-0.004900317,0.007480199,0.001437702,0.008842413,0.00866505,0.010142956
749.0067139,-0.004233041,0.008003251,0.001800914,0.009379462,0.008974102,0.010600573
748.0130005,-0.004408194,0.007919068,0.001401187,0.009343913,0.00884804,0.010261152
746.9833984,-0.00437483,0.008075135,0.001500117,0.0095115,0.008774312,0.010395181
745.9890137,-0.00442813,0.007904991,0.00181061,0.009043161,0.008895729,0.010285961
744.9942627,-0.00455633,0.007759843,0.001433832,0.009105858,0.008600356,0.010051231
743.9990845,-0.004511398,0.007969739,0.001504923,0.009363724,0.008490266,0.010326041
743.0036011,-0.004518622,0.008071812,0.001361637,0.009193683,0.008693994,0.010312786
742.0078125,-0.00414613,0.007959615,0.001378984,0.009194027,0.008769795,0.010324238
741.0115967,-0.004550336,0.007885141,0.001132226,0.009037213,0.008630378,0.010333966
740.0151367,-0.004401224,0.008158768,0.001230445,0.009146966,0.008695314,0.010436809
738.982605,-0.004012987,0.008163805,0.001340111,0.009351795,0.008858133,0.010425168
737.9853516,-0.004486342,0.007927504,0.00141116,0.009174488,0.008722094,0.010182201
736.9877319,-0.004337362,0.007943111,0.001383269,0.009247809,0.008683641,0.010430763
735.9898071,-0.004486496,0.0080013,0.001669069,0.009175149,0.008394773,0.01039017
734.9915161,-0.004409886,0.008062344,0.001542407,0.009349573,0.008474904,0.01022251
733.9928589,-0.004521543,0.007893207,0.001477103,0.009374807,0.008507927,0.010161744
732.9938965,-0.004486393,0.007915772,0.00133079,0.00926222,0.008626364,0.010309208
731.9946289,-0.004437303,0.007864238,0.001354834,0.009304823,0.008488181,0.010149527
730.994873,-0.004413934,0.007976515,0.001553968,0.009459193,0.008499506,0.010307962
729.994873,-0.004554435,0.007849793,0.0013183,0.009345738,0.008603947,0.010392398
728.9945068,-0.004448013,0.007859256,0.001292466,0.009443029,0.008780017,0.010298101
727.9937744,-0.004305992,0.008045678,0.00166634,0.009664037,0.008897315,0.010370339
726.9927368,-0.004399687,0.008140146,0.00134559,0.009531397,0.008697691,0.01038097
725.991394,-0.004365963,0.008181057,0.001641161,0.009610415,0.008505128,0.010562219
724.989624,-0.004431871,0.008168527,0.001567918,0.009608933,0.008589399,0.010750654
723.9875488,-0.004756292,0.008011742,0.001434482,0.009480543,0.008371153,0.010463908
722.9851074,-0.004960155,0.007674284,0.001090105,0.009263463,0.007947567,0.010077883
721.9823608,-0.00462979,0.007810073,0.001126412,0.009194529,0.00804465,0.010306584
721.0150757,-0.004780052,0.007833452,0.000972018,0.009255213,0.007814317,0.010094707
720.0116577,-0.004865096,0.007836219,0.001249811,0.009434431,0.00779434,0.010273927
719.0078735,-0.004834019,0.007759236,0.001130253,0.009244397,0.007747141,0.010035521
718.0037842,-0.004719831,0.007667039,0.001332192,0.009174091,0.007836298,0.010137101
716.9993286,-0.004959234,0.007788963,0.001226239,0.009117278,0.007705928,0.010133496
715.9945679,-0.00492243,0.007805356,0.001049519,0.009279832,0.008073183,0.010070915
714.9894409,-0.004760799,0.007730882,0.001023182,0.009242652,0.008072049,0.010195849
713.9839478,-0.004954525,0.007772729,0.001097319,0.009267377,0.008066063,0.010170727
713.0140381,-0.004927959,0.00767265,0.000996561,0.009188553,0.007979468,0.010029216
712.0079346,-0.004912193,0.007843626,0.001259832,0.009468982,0.008194641,0.010433017
711.0015259,-0.004869448,0.007685693,0.00108014,0.00930961,0.007839488,0.010130052
709.9946899,-0.004832227,0.007864475,0.001211806,0.009527772,0.008223132,0.01047722
708.9875488,-0.005007088,0.007776234,0.00132853,0.009584215,0.0080283,0.010303455
708.0160522,-0.005022134,0.007829867,0.001235974,0.00946631,0.008251149,0.010266055
707.0083618,-0.005104419,0.007947013,0.001326064,0.009585062,0.008248142,0.010380466
706.0001831,-0.004980321,0.007830078,0.001562099,0.009857856,0.008207515,0.010320739
704.9917603,-0.005062511,0.00782536,0.001534068,0.009816628,0.00814922,0.010346161
703.9829102,-0.004998132,0.007810785,0.001451468,0.009839161,0.008159005,0.010364347
703.0098267,-0.004887979,0.007938339,0.001479779,0.00988582,0.008171164,0.010488278
702.0003662,-0.005009647,0.007833662,0.001387008,0.009850282,0.007902223,0.010565747
700.9906616,-0.004806934,0.007958613,0.001614996,0.009808606,0.007619116,0.010659782
700.0166016,-0.004937787,0.007948964,0.001461259,0.009983364,0.007655051,0.010717991
699.0061646,-0.004920844,0.008145737,0.001313834,0.010024846,0.009194159,0.010680528
697.9954834,-0.005065939,0.008007839,0.001241711,0.010105676,0.009505149,0.010668617
696.984375,-0.005206638,0.00790333,0.0013566,0.009891646,0.009029576,0.01056519
696.0090942,-0.005086663,0.008019151,0.001189561,0.010114154,0.008895333,0.010742296
694.9973145,-0.005167759,0.00791572,0.001104897,0.0100347,0.008659214,0.010666494
693.9852295,-0.005057445,0.007924156,0.001376958,0.010140545,0.008576963,0.010613862
693.0090332,-0.004893867,0.008050979,0.001577583,0.010279706,0.008690613,0.01088871
691.9963989,-0.004992246,0.008142308,0.001441468,0.010208993,0.008596395,0.010851126
690.9833374,-0.005161108,0.008221074,0.001429963,0.010429516,0.008834831,0.010998002
690.0061646,-0.004940244,0.008035921,0.001415341,0.010222324,0.008661855,0.010789185
688.9924927,-0.005103498,0.007980391,0.001645215,0.010261841,0.00880992,0.010793669
688.0147095,-0.004926116,0.008173591,0.001398798,0.010216202,0.008724128,0.010686154
687.0003662,-0.004864277,0.008190869,0.001694847,0.010403745,0.008457588,0.0108468
685.9858398,-0.00475112,0.008219227,0.001985793,0.010630548,0.008793674,0.011174701
685.0071411,-0.004823216,0.007805988,0.001643344,0.010233562,0.008634022,0.010913343
683.9918213,-0.005032779,0.007966707,0.001720471,0.010318671,0.008434414,0.011053893
683.0125732,-0.004833712,0.00811116,0.001746435,0.010428217,0.008553201,0.011109181
681.996582,-0.004981089,0.0080538,0.001808686,0.01033402,0.008207673,0.011099806
681.0166626,-0.004934357,0.008280039,0.001935139,0.010557206,0.008744333,0.01107256
680.0001221,-0.005001049,0.008263628,0.001976458,0.010500132,0.009205105,0.011116537
678.9833374,-0.004754859,0.008442068,0.001911634,0.010712817,0.009245349,0.011442834
678.0025024,-0.004518417,0.008546232,0.00224904,0.010916873,0.009471389,0.011445173
676.9849854,-0.004638191,0.008337006,0.002207253,0.010635801,0.009214465,0.011270622
676.00354,-0.00467005,0.008448693,0.001996689,0.01066782,0.008781048,0.011165591
674.9854736,-0.004726283,0.008504125,0.002087847,0.010861398,0.009127694,0.011404539
674.0033569,-0.004510373,0.008594072,0.002158758,0.010594154,0.008968844,0.011202086
672.9846191,-0.004828541,0.00829806,0.002072033,0.010600653,0.008879189,0.011237946
672.0020142,-0.004684442,0.008489977,0.002294994,0.010793802,0.008866983,0.011294187
670.982666,-0.004586761,0.008480368,0.002332495,0.010903548,0.009015938,0.011634524
669.9993286,-0.004518622,0.008469492,0.002352067,0.010842156,0.009096633,0.011530494
669.0158081,-0.004236271,0.008739446,0.002669186,0.011213189,0.009317015,0.011945511
667.9954834,-0.004432998,0.008725079,0.002668352,0.011158367,0.009493772,0.011694619
667.0113525,-0.004079358,0.008770297,0.00291304,0.01124565,0.00955807,0.011861013
665.9905396,-0.004282565,0.008795999,0.002538404,0.011074685,0.009650168,0.011902914
665.0057373,-0.004558687,0.008470997,0.002504999,0.011054052,0.009195534,0.011661539
663.9841919,-0.004633939,0.00870976,0.002314616,0.011187105,0.008952222,0.011899216
662.9989014,-0.004725823,0.008685384,0.002433954,0.010886613,0.008864394,0.011900785
662.0132446,-0.00469914,0.008628397,0.002529552,0.011084138,0.00887158,0.011810764
660.9907837,-0.004675018,0.008617202,0.002706901,0.011181713,0.008362049,0.011815445
660.0045776,-0.00445324,0.008760128,0.00262228,0.011514625,0.0092165,0.01207024
659.0180664,-0.004674044,0.008759415,0.00265348,0.01129246,0.009936906,0.012110565
657.994751,-0.004665184,0.008797822,0.002560277,0.011230535,0.009771565,0.011796586
657.0076294,-0.004639164,0.008604317,0.002534108,0.011140625,0.009537748,0.011704059
655.9837036,-0.004425157,0.008836443,0.002922057,0.011623011,0.009481205,0.012199052
654.9959717,-0.004645771,0.008740555,0.00261103,0.011339381,0.009528037,0.01193226
654.0080566,-0.004752503,0.008538364,0.002526427,0.011567472,0.008977036,0.012098986
652.9832153,-0.004680959,0.008481925,0.002801152,0.011378628,0.009352668,0.012169395
651.9945679,-0.004709383,0.008675244,0.002642568,0.011552345,0.009488719,0.011976085
651.0057983,-0.004484549,0.008532003,0.002975251,0.011672202,0.009965723,0.012200623
650.0166626,-0.004657296,0.008503941,0.002886851,0.011408073,0.009628464,0.012101887
648.9905396,-0.004503353,0.008722305,0.002833095,0.011686614,0.009403692,0.01229528
648.0008545,-0.004397227,0.008749748,0.003047688,0.011818318,0.009820811,0.012452074
647.0108643,-0.004437251,0.008693413,0.00303614,0.011669676,0.009838499,0.012393712
645.9838867,-0.004316654,0.008598587,0.003005329,0.011763259,0.009917838,0.012340765
644.9933472,-0.004437559,0.008585227,0.002942177,0.01181861,0.009645218,0.012474745
644.0025024,-0.004407169,0.008658765,0.002877991,0.011920447,0.009605254,0.012432442
643.0113525,-0.004483729,0.008630801,0.002990863,0.011720467,0.00953272,0.0124159
641.9832153,-0.004385183,0.008901331,0.003254563,0.012108382,0.009875359,0.012701966
640.9914551,-0.004546084,0.008706407,0.003121885,0.011785574,0.009685582,0.012445894
639.9995117,-0.004540909,0.008799221,0.003116149,0.012025609,0.009734369,0.012780816
639.0072021,-0.004324907,0.0086641,0.003129029,0.01202159,0.00977093,0.012726328
638.0147095,-0.00440061,0.008659399,0.003095552,0.012091853,0.009791343,0.012648048
636.9851074,-0.004605715,0.00873147,0.003136277,0.012088872,0.00994991,0.012910132
635.9919434,-0.004407784,0.008915334,0.003437218,0.012175624,0.009797749,0.012846483
634.9985962,-0.004229452,0.008865055,0.003431269,0.012380288,0.009972875,0.013152496
634.0048218,-0.004302813,0.00886162,0.003266925,0.012121398,0.010080373,0.012710522
633.0109253,-0.004344538,0.008736779,0.003339699,0.012314719,0.010247714,0.012876106
632.0166626,-0.004189716,0.00887446,0.003427851,0.01239041,0.010043257,0.013213042
630.9852905,-0.004196023,0.00880749,0.003698474,0.012352829,0.009947157,0.013136434
629.9905396,-0.00420638,0.008957534,0.003640416,0.012590459,0.009801774,0.013302849
628.9954224,-0.004390103,0.008702128,0.003584635,0.012508526,0.009701809,0.013230869
628.000061,-0.004223453,0.008869176,0.003750614,0.01244997,0.009857829,0.013373959
627.0043945,-0.004361812,0.008874381,0.003720953,0.012657829,0.010465154,0.013451036
626.0084839,-0.004246473,0.008912005,0.003728786,0.01271476,0.010904929,0.013365204
625.0123291,-0.004490441,0.008780599,0.003909133,0.012515959,0.010553519,0.013437632
624.0158081,-0.004174384,0.009289696,0.003994267,0.012978058,0.010828515,0.013720766
622.9821777,-0.004215352,0.008918584,0.003924101,0.01287112,0.010696474,0.013771157
621.9852295,-0.004200381,0.009047997,0.004051119,0.012794172,0.010782949,0.013710693
620.987854,-0.004253087,0.008745468,0.003921802,0.012670889,0.010382163,0.013638993
619.9903564,-0.004095206,0.009152994,0.004323778,0.013017027,0.010806355,0.014103118
618.9924927,-0.0040274,0.00910681,0.004124677,0.012983046,0.010718203,0.014034
617.9944458,-0.003900019,0.009204735,0.004377614,0.013105085,0.010837617,0.014167782
616.9960327,-0.003996366,0.008954786,0.004412706,0.013103431,0.010958551,0.014301872
615.9974365,-0.004172897,0.009043795,0.004309869,0.013358797,0.010929509,0.014095926
614.9984741,-0.004145874,0.009071865,0.00459496,0.013339978,0.010896222,0.0143351
613.9992676,-0.003989185,0.009053945,0.004614372,0.013475334,0.010838148,0.014562119
612.9998169,-0.004034582,0.009043584,0.004528803,0.013342833,0.010728763,0.014354016
612.000061,-0.003901763,0.008979652,0.004712937,0.013550133,0.010749964,0.014612313
611.0001221,-0.003865999,0.00900238,0.004752767,0.01360443,0.01052949,0.014567232
609.9998169,-0.003802469,0.009198045,0.004606209,0.013601251,0.0111632,0.014665378
608.9993286,-0.003902225,0.009378245,0.004788335,0.013589045,0.012166706,0.014717539
607.9984741,-0.003961277,0.009042738,0.00471804,0.013687024,0.011469492,0.014686852
606.9974365,-0.003884215,0.009085663,0.004867803,0.013721193,0.010717222,0.014848102
605.9961548,-0.003763874,0.009323151,0.005082749,0.01388874,0.010659251,0.014978357
604.9945068,-0.003737338,0.009379568,0.004987923,0.013949362,0.011876416,0.015182015
603.9926758,-0.003744268,0.009496895,0.005125154,0.014071085,0.012336344,0.015215712
602.9905396,-0.00376218,0.009365682,0.005023275,0.014027503,0.012598427,0.015245042
601.9881592,-0.003628509,0.009290913,0.005571664,0.014124779,0.012313575,0.015499632
600.9854126,-0.003794104,0.009305326,0.005352859,0.014193457,0.012211112,0.015461861
599.982605,-0.003627328,0.00952158,0.005480769,0.014455995,0.012065077,0.015795333
599.0164795,-0.003538549,0.009473083,0.005822664,0.014416683,0.01171592,0.015844354
598.0131226,-0.003397874,0.009511896,0.005953835,0.0145107,0.011070675,0.015855389
597.0093994,-0.003604942,0.009671792,0.005687626,0.014533397,0.012678857,0.01603977
596.0054321,-0.003661314,0.009616052,0.005898045,0.014631053,0.013134513,0.016060747
595.0012207,-0.003618856,0.009512981,0.005871412,0.014670974,0.01300321,0.016152032
593.9967651,-0.003477693,0.009547248,0.006188329,0.014865594,0.013316728,0.016414599
592.9919434,-0.003632924,0.009452156,0.006101531,0.014880676,0.013262253,0.016518839
591.9869385,-0.003361298,0.009677589,0.006432277,0.015083081,0.013209146,0.016735973
590.9817505,-0.00341087,0.00966716,0.006243001,0.015161562,0.013152736,0.016700972
590.0134888,-0.003448572,0.009654429,0.006343381,0.015224559,0.013751651,0.017035587
589.0076904,-0.003507686,0.009557276,0.006516777,0.015353559,0.013953318,0.017086256
588.0015869,-0.003419654,0.009655435,0.006722709,0.015580548,0.014118227,0.017356744
586.9953003,-0.003404192,0.009593663,0.006811156,0.015426026,0.014155212,0.017540632
585.9887695,-0.003234748,0.009745541,0.006949833,0.015740519,0.014391074,0.01787921
584.9819946,-0.003305709,0.009781017,0.007085423,0.015767362,0.014508746,0.018031128
584.012207,-0.003056911,0.010102284,0.007362784,0.016110042,0.015125241,0.018576236
583.0048828,-0.00308539,0.009997535,0.007686852,0.016256019,0.015445928,0.018862739
581.9973145,-0.00319415,0.009879146,0.007504534,0.016204292,0.015839495,0.019089568
580.989563,-0.003072487,0.009978622,0.008128646,0.016549896,0.016431348,0.019643348
579.9813843,-0.003121064,0.009888812,0.008289379,0.0168461,0.016724672,0.020116406
579.010498,-0.002996604,0.009893022,0.008423302,0.01682842,0.017140431,0.020563651
578.0018921,-0.002964365,0.010129151,0.008745733,0.017099503,0.017831443,0.021197343
576.993042,-0.00289484,0.010231441,0.009129835,0.017275281,0.018428855,0.02189656
575.9839478,-0.002930838,0.010130794,0.009257434,0.01745908,0.019521272,0.022716112
575.0119629,-0.002968427,0.010128276,0.009554921,0.017640207,0.020710889,0.023583345
574.0024414,-0.00281481,0.010235787,0.010063285,0.018341573,0.021844538,0.024863834
572.9926147,-0.002978557,0.010233084,0.010199188,0.018614197,0.022807606,0.026012868
571.9825439,-0.002815685,0.010565932,0.010874854,0.019232061,0.025374915,0.027579078
571.0096436,-0.002796138,0.010412733,0.011477704,0.019501805,0.027103117,0.028861905
569.9990234,-0.002670453,0.010452559,0.012493926,0.020095963,0.02902239,0.031080907
568.9882202,-0.002877508,0.010616674,0.012866881,0.020566285,0.031246277,0.033166386
568.0146484,-0.002523525,0.010521534,0.013869097,0.021557529,0.033814382,0.035879321
567.0032959,-0.002684037,0.0106705,0.01466503,0.022322262,0.037438922,0.038891591
565.9917603,-0.002530937,0.010805956,0.01588342,0.02331944,0.041732907,0.042183332
565.017334,-0.002525224,0.010781675,0.016916662,0.024378022,0.045644365,0.04568845
564.0053711,-0.002438691,0.01068671,0.018226368,0.025552072,0.049671646,0.049628809
562.993042,-0.002430093,0.010812034,0.02012378,0.027167624,0.054923594,0.054767754
562.0180054,-0.002222207,0.01080593,0.022071514,0.028923519,0.061125934,0.060360912
561.005249,-0.00246021,0.010653256,0.023983894,0.030933892,0.067606375,0.066381805
559.9921875,-0.002526202,0.010650072,0.026273603,0.032987714,0.074614279,0.073033161
559.0163574,-0.002273042,0.01091329,0.029080179,0.035495657,0.081906073,0.079761468
558.0029297,-0.002222979,0.010862937,0.032405205,0.038536772,0.090421222,0.08801394
556.9891968,-0.001963406,0.011092158,0.035956502,0.042013891,0.100113921,0.097120054
556.0127563,-0.001909752,0.011100045,0.040328432,0.045831915,0.110599019,0.106682204
554.9985352,-0.001919493,0.011012366,0.044521652,0.050086867,0.120827243,0.117538698
553.9840088,-0.001738744,0.011173612,0.049812544,0.055017136,0.132143766,0.128612533
553.006897,-0.001793657,0.011335742,0.055178855,0.060329501,0.144171611,0.140011489
551.9919434,-0.001602591,0.01153706,0.061626565,0.066420592,0.156793907,0.151909053
551.0143433,-0.001616002,0.011577973,0.068705432,0.072883852,0.169442624,0.164239183
549.9989014,-0.001350543,0.011502823,0.076024622,0.079975709,0.181666061,0.176712841
548.9832153,-0.001384089,0.011618172,0.085313059,0.088937469,0.194787189,0.190986499
548.0048828,-0.001274204,0.011722568,0.094290242,0.097676776,0.207710564,0.203699842
546.9887695,-0.001223923,0.011849654,0.103109568,0.106207825,0.220253244,0.215608746
546.0100708,-0.001213649,0.011815285,0.112654544,0.115448803,0.231332123,0.227082744
544.9934692,-0.001020313,0.011821935,0.123826958,0.126344264,0.242526665,0.239183575
544.0142822,-0.000964527,0.012052542,0.136692166,0.138673827,0.254265428,0.251785725
542.9971313,-0.000857273,0.01220001,0.151054725,0.152526334,0.266006738,0.263988763
542.0174561,-0.000724461,0.012513935,0.162634835,0.164108843,0.275622517,0.273021281
540.999939,-0.000984827,0.012652552,0.173295498,0.175978348,0.285317659,0.281559229
539.9821777,-0.000823376,0.01253413,0.186589927,0.189142168,0.292690992,0.289852649
539.0018921,-0.000556709,0.012713187,0.201436773,0.204058811,0.299929947,0.298209369
537.9836426,-0.000222459,0.012969817,0.217720702,0.219310239,0.306244105,0.306343883
537.0028687,-0.000367943,0.012955388,0.229091808,0.231592894,0.31228596,0.311907768
535.9840698,-0.000277719,0.013106152,0.24160026,0.244487256,0.316965878,0.316580415
535.0028687,0.000112178,0.013384852,0.253428459,0.256922126,0.319602251,0.321061343
533.9837036,1.75E-05,0.013499821,0.265497565,0.269245744,0.322504401,0.324412912
533.0020752,5.38E-05,0.01375956,0.275163323,0.278868645,0.326987326,0.327015221
531.9824219,0.000313126,0.013939525,0.286313623,0.2903862,0.328228921,0.329360932
531.0003052,0.000748075,0.014158421,0.295936227,0.300091445,0.328641027,0.331114292
530.0180664,0.000935023,0.014399931,0.304128945,0.308347225,0.328112006,0.332104415
528.9976807,0.000816278,0.014702544,0.310201019,0.315115064,0.330155462,0.332381725
528.0148926,0.001014776,0.014893936,0.316439539,0.321257353,0.332219571,0.332679182
526.9942017,0.001516923,0.015271023,0.322603345,0.327754736,0.330913842,0.332837284
526.0109863,0.001883633,0.015699722,0.327306122,0.332618266,0.330372423,0.33234328
524.9897461,0.002237539,0.016074609,0.33048892,0.336406469,0.329722583,0.331439108
524.0060425,0.002726802,0.016474634,0.334060669,0.339897186,0.328221828,0.330420613
522.984436,0.003191791,0.017183788,0.336586803,0.342501372,0.326634824,0.329364032
522.0003662,0.003854964,0.017702326,0.338439256,0.344417214,0.325149566,0.328226328
521.0159912,0.004409751,0.01819017,0.33969909,0.345698923,0.323541254,0.326815128
519.9937134,0.005110355,0.018832596,0.340734571,0.346919149,0.321826547,0.325526863
519.0089722,0.005588865,0.019570662,0.340827197,0.347116828,0.320317,0.323936105
517.9862061,0.006037428,0.020358648,0.340453893,0.34687075,0.319671243,0.322073102
517.0010986,0.006755099,0.020969873,0.340075046,0.3464894,0.318081975,0.320614785
516.0157471,0.007593036,0.021726739,0.339554697,0.346007943,0.316225678,0.319162011
514.9923096,0.008493487,0.022444963,0.338565141,0.344940752,0.314038962,0.317342848
514.0065308,0.00914538,0.023287265,0.337181628,0.343524307,0.311946243,0.315589935
512.9825439,0.009934417,0.024152903,0.335771889,0.342184186,0.310417652,0.314065307
511.9963989,0.010635217,0.02492757,0.334384948,0.340901941,0.309407681,0.312476456
511.0099182,0.011418012,0.025825469,0.333043039,0.339510232,0.308187217,0.311376542
509.9854126,0.012156669,0.026507584,0.331342697,0.337855607,0.306742609,0.309995681
508.9985657,0.013081528,0.027505577,0.329626948,0.336061508,0.305534631,0.308726102
508.0115356,0.013687985,0.028048715,0.328070372,0.334672421,0.304475933,0.307627529
506.9863586,0.014361427,0.028730849,0.326400966,0.332908809,0.303277671,0.306512564
505.9988098,0.014980366,0.02941389,0.325256914,0.331476688,0.302253246,0.305763394
505.0112,0.015672857,0.029949298,0.323768258,0.330124885,0.301341265,0.304874599
503.9853516,0.016313478,0.030735772,0.322069585,0.328337967,0.301189482,0.304144621
502.9971924,0.016994372,0.031324893,0.320525169,0.326999635,0.300532401,0.303499699
502.0089111,0.017419793,0.031777602,0.319212943,0.325631976,0.299864411,0.303027302
500.9823914,0.017817553,0.032196458,0.318092346,0.324454814,0.299231529,0.30249694
499.9936829,0.018335769,0.03260674,0.31679067,0.323199064,0.298718542,0.302193433
499.0047913,0.018765127,0.033175129,0.315817267,0.322121233,0.298831731,0.302047521
498.0157166,0.019130712,0.03334415,0.314813286,0.320893765,0.298355788,0.301703513
496.9883118,0.019256521,0.033696342,0.313761115,0.319820166,0.298923075,0.30153355
495.9987793,0.019554522,0.034010161,0.313091815,0.319121063,0.299180776,0.30149287
495.0090942,0.01993099,0.034283586,0.312529594,0.318318427,0.299042583,0.301764488
493.9810791,0.020332931,0.034529071,0.312101692,0.317988068,0.298851371,0.302258641
492.9909973,0.020600267,0.034616444,0.311787456,0.317366809,0.29806599,0.302573383
492.0005493,0.020443162,0.034785211,0.31079489,0.316765398,0.299646616,0.302613944
491.0100098,0.020374574,0.035038166,0.310632378,0.316567153,0.302009404,0.303246051
489.9812012,0.020945558,0.035045318,0.310846508,0.316455722,0.301568747,0.304116488
488.9902039,0.021065945,0.035213046,0.31092301,0.316363335,0.301362723,0.30504477
487.999115,0.020988971,0.035392635,0.310632616,0.316200495,0.303166628,0.305607975
487.007782,0.021082493,0.035550494,0.311017096,0.316452563,0.305605471,0.306616515
486.0161743,0.021619122,0.035660975,0.311940789,0.317180932,0.306011766,0.308326274
484.9863586,0.021806756,0.035880305,0.312486619,0.317666709,0.305882216,0.309757233
483.9944153,0.021434071,0.035914354,0.312386841,0.317909628,0.310224354,0.310724229
483.0022583,0.021453217,0.036103148,0.313479424,0.318648607,0.312811822,0.312166512
482.0099182,0.021877259,0.036436025,0.314568013,0.319757044,0.314035237,0.314092815
481.017395,0.022264438,0.036549207,0.316055268,0.320711494,0.316016167,0.315923214
479.9864502,0.022294493,0.036544587,0.316987783,0.322004348,0.317238301,0.318306327
478.9935303,0.022309018,0.036730476,0.318347096,0.323247761,0.319112897,0.320242345
478.0004272,0.022534845,0.036846157,0.319968939,0.324784875,0.321729422,0.322572917
477.007019,0.022703266,0.036974642,0.321598023,0.326402754,0.324032724,0.32465741
476.0135193,0.022971027,0.037244808,0.323823482,0.328282982,0.327110499,0.327406526
474.9816589,0.023223359,0.037607435,0.325927436,0.330494136,0.329871148,0.330499083
473.9876709,0.023275848,0.037777144,0.328120202,0.332524568,0.332515925,0.333099842
472.9935913,0.023488354,0.037880845,0.330078185,0.334613264,0.335189611,0.335727066
471.9993286,0.023706404,0.03820559,0.332430124,0.33671993,0.338025242,0.338487983
471.0048218,0.023889855,0.038319603,0.33501327,0.339208752,0.341315657,0.341563165
470.0101624,0.024183363,0.038517341,0.338024795,0.342169136,0.344896942,0.345299959
469.0152893,0.02417611,0.038840353,0.340633988,0.344960332,0.347908378,0.348564893
467.9819031,0.024666874,0.039181139,0.343828112,0.347834826,0.351458669,0.351812542
466.9866638,0.024778867,0.039325904,0.34634617,0.350312293,0.354913503,0.354811698
465.9912415,0.025155094,0.039725188,0.349555939,0.353491038,0.358607262,0.35866499
464.9955444,0.025231903,0.039941955,0.352903187,0.356717348,0.362510204,0.362227023
463.9997253,0.025571071,0.040130068,0.356340259,0.359953374,0.366608411,0.366198897
463.0037537,0.025642324,0.040239163,0.359562039,0.363242298,0.370208383,0.370040029
462.0075378,0.025888577,0.040601742,0.362993419,0.366430253,0.373996526,0.374062121
461.0111389,0.026258918,0.040857509,0.367241383,0.370350927,0.378602445,0.378876716
460.0145264,0.026341287,0.041121252,0.370765686,0.373929679,0.384641856,0.383324325
459.0177917,0.026790807,0.041623604,0.375285387,0.37839216,0.390668154,0.388685674
457.9824219,0.027118741,0.041907113,0.379303128,0.382639468,0.39530921,0.393882752
456.9852905,0.027488368,0.042256624,0.3835738,0.386607558,0.399865329,0.398831189
455.9880066,0.027851051,0.042621806,0.38804698,0.391048282,0.405017108,0.403878152
454.9904175,0.028110765,0.042968862,0.392484516,0.395264894,0.410083562,0.408885539
453.9927063,0.028624605,0.043323461,0.397017002,0.399508148,0.414455414,0.413785011
452.9948425,0.028921913,0.043715648,0.400529146,0.403187245,0.418658584,0.417770952
451.9967957,0.029100329,0.043942694,0.403954834,0.406475812,0.422753662,0.421429694
450.9985046,0.029688483,0.044402935,0.407917082,0.41022715,0.42656368,0.425503403
450.000061,0.030111879,0.044894774,0.41163066,0.413990974,0.43030867,0.429519445
449.0014648,0.030530995,0.045356944,0.415212244,0.417506486,0.434439778,0.433673799
448.002655,0.030793678,0.045658313,0.418637574,0.420764685,0.438421816,0.437351972
447.0036316,0.031192426,0.046059839,0.421744347,0.424146354,0.442633301,0.441104978
446.0044556,0.031523924,0.046451945,0.425420344,0.42794174,0.447311699,0.445745617
445.0050964,0.032146033,0.046965063,0.42952469,0.431847453,0.451515764,0.450162321
444.0055847,0.032428354,0.047392283,0.43344307,0.435839027,0.455806315,0.454680085
443.0058289,0.032882158,0.047875296,0.437830806,0.439902902,0.460114926,0.459358245
442.0059814,0.033320196,0.048273038,0.441973656,0.444208682,0.464418769,0.463907242
441.0058899,0.033663642,0.04881331,0.446126074,0.448452741,0.469713062,0.468603611
440.0055847,0.034282524,0.049323369,0.450585157,0.452652067,0.474406928,0.473112315
439.0051575,0.034606129,0.049699828,0.454998732,0.457160503,0.478887618,0.477631122
438.0045776,0.03515514,0.050210696,0.459827542,0.461826593,0.483404547,0.482135445
437.0038147,0.035723422,0.050830785,0.464520246,0.466692507,0.488072574,0.487388551
436.0027771,0.036190163,0.051187061,0.469508797,0.471668124,0.492864788,0.492076844
435.0016785,0.036731292,0.051860143,0.47449252,0.476556331,0.497443557,0.49699834
434.0003662,0.037316509,0.052401625,0.480161905,0.481749088,0.502465904,0.501694441
432.9988708,0.037662677,0.052920304,0.485110521,0.48677665,0.507460296,0.506224394
431.9971619,0.038305894,0.053529665,0.490711808,0.492396474,0.512338758,0.511387408
430.9953308,0.038944196,0.054151524,0.49658379,0.498183399,0.516891539,0.51652205
429.9932861,0.039553501,0.054632783,0.5015679,0.503231525,0.521426618,0.521003187
428.9910583,0.040039763,0.055236794,0.506688654,0.508525491,0.525640726,0.525383413
427.988678,0.040810928,0.055937447,0.512218177,0.513478279,0.529684722,0.529475629
426.9861755,0.041249469,0.05662873,0.517484367,0.519051135,0.534111202,0.534075499
425.9834595,0.041848734,0.057162259,0.52293998,0.524582088,0.53842479,0.538358986
425.019104,0.042460557,0.057843905,0.528008223,0.52905345,0.542481303,0.542251527
424.0160217,0.042940028,0.058498424,0.532652676,0.533937931,0.547140479,0.546315432
423.0127563,0.043571621,0.059067708,0.537797153,0.538838029,0.550837636,0.550242305
422.0093689,0.04435147,0.059758976,0.543298841,0.544497192,0.554678857,0.554761052
421.0057373,0.044699911,0.060495593,0.548109651,0.549712539,0.559708238,0.559179783
420.0019836,0.045512315,0.061257631,0.553063989,0.554686606,0.564196229,0.563567698
418.9980774,0.046099216,0.061844546,0.558405221,0.559894204,0.568424285,0.567797542
417.993988,0.046907842,0.062647738,0.563633919,0.564890683,0.572655976,0.57212925
416.9897156,0.047435995,0.063281812,0.569021285,0.570240438,0.577172399,0.576463401
415.98526,0.048414033,0.064193264,0.575254202,0.576424956,0.582337976,0.581873655
414.9807129,0.049192224,0.065048926,0.580605328,0.582098901,0.58677125,0.586425304
414.0145874,0.049894884,0.065829724,0.586234808,0.587270975,0.591520011,0.590846598
413.009613,0.0508238,0.066566728,0.591045618,0.592478752,0.595861316,0.595390618
412.0045471,0.051669914,0.067454807,0.597292602,0.598548353,0.600580931,0.600401044
410.9992371,0.052540783,0.068525106,0.603773594,0.604814827,0.605571747,0.606119633
409.9938049,0.053296763,0.069429204,0.609114766,0.610514224,0.611371338,0.61075449
408.9881287,0.054015543,0.070258275,0.615038335,0.616164327,0.616092503,0.615797341
407.9824524,0.054938607,0.071249738,0.620902717,0.622237921,0.620826066,0.621041358
407.0151978,0.055995159,0.0722,0.627486229,0.628780603,0.62645179,0.6264624
406.0090637,0.057040799,0.073473759,0.635000646,0.635716736,0.632540703,0.63261348
405.0028076,0.058239222,0.075025044,0.641694725,0.643258572,0.638687909,0.638768137
403.9963989,0.058835316,0.075790286,0.647539079,0.649010181,0.644536376,0.644103169
402.9897461,0.059883516,0.076906227,0.654337406,0.655489624,0.649903417,0.649472535
401.9830017,0.060996093,0.078124657,0.662170172,0.663114488,0.655954063,0.655957639
401.0148315,0.062404729,0.079813756,0.669692457,0.671245396,0.663030505,0.662721336
400.0077515,0.063562833,0.081101097,0.676990926,0.67873317,0.668864548,0.669147611
399.0005188,0.064676985,0.082425438,0.683867574,0.686033011,0.674659371,0.675159335
397.993103,0.06595505,0.083901517,0.69090122,0.693008542,0.680892229,0.681536377
396.9855652,0.067200392,0.085330866,0.698900223,0.701348126,0.687547803,0.688284218
396.016571,0.068787739,0.087283775,0.707803726,0.710350692,0.694438815,0.695929706
395.0086975,0.070244372,0.088944681,0.715600491,0.718799114,0.701252163,0.702741742
394.0006714,0.071265139,0.09041746,0.722370505,0.726125062,0.709151626,0.708960891
392.9924316,0.072967164,0.092227429,0.731066406,0.735251069,0.715047181,0.716278195
391.9840698,0.07436236,0.094215855,0.739800513,0.743833304,0.721975148,0.723513305
391.0143433,0.075705044,0.095799334,0.747868836,0.75229162,0.731076241,0.730386496
390.0057068,0.077598743,0.098093994,0.757157087,0.762402713,0.737687647,0.738969684
388.9968262,0.079336695,0.100118779,0.765998662,0.771768987,0.744827926,0.746540487
387.987854,0.080860324,0.102305464,0.774478614,0.780931234,0.751494765,0.753699422
387.0175171,0.082528725,0.104403265,0.783004522,0.790122271,0.760190249,0.761730015
386.0082092,0.084419779,0.107215799,0.79348284,0.801220954,0.768746436,0.770562708
384.9987488,0.08636196,0.10992039,0.802720785,0.812820256,0.776293278,0.779294133
383.9891357,0.088104427,0.112778939,0.81153959,0.822061658,0.784198105,0.787543118
383.018219,0.089715548,0.115144052,0.820089877,0.831653833,0.792253315,0.795308054
382.0083008,0.091800526,0.118404508,0.830620289,0.843353033,0.800455093,0.805462539
380.9981995,0.094168425,0.121845566,0.842025638,0.855701268,0.809222817,0.815284967
379.9879761,0.096149012,0.125410214,0.852021694,0.868362725,0.818504512,0.826176882
379.016449,0.098618567,0.129279241,0.864126265,0.88097471,0.827368558,0.836220145
378.0059204,0.100437082,0.133193865,0.872843802,0.892977715,0.835260034,0.84680891
376.9952087,0.102206737,0.136722088,0.882982791,0.903799713,0.846038699,0.855687976
375.9844055,0.105028674,0.141699597,0.89598161,0.91925776,0.857343972,0.867918193
375.0122986,0.107510433,0.146548584,0.908594072,0.934212863,0.867802203,0.881072879
374.0011292,0.109720856,0.151387677,0.91973716,0.947956026,0.877349258,0.892878711
372.9898682,0.112126522,0.156111345,0.932101786,0.961696088,0.886485457,0.90462172
372.0173035,0.115014046,0.16140151,0.945597589,0.977216303,0.898576617,0.917337358
371.0057068,0.11748597,0.166508645,0.958578646,0.991791964,0.910224378,0.930428982
369.9939575,0.120492242,0.171953559,0.972057402,1.007736325,0.920817733,0.943778038
368.9820557,0.12329746,0.176910609,0.985597193,1.022996068,0.932202876,0.956436515
368.0089417,0.125914112,0.181484625,0.997647286,1.036709905,0.942119002,0.968737662
366.9967346,0.128931984,0.186798066,1.011230469,1.051897645,0.955033004,0.981731892
365.9844055,0.131972134,0.192167446,1.026757717,1.068693161,0.967569292,0.995962739
365.0108948,0.135536909,0.197543055,1.0432868,1.084851742,0.98100239,1.009881616
363.9982605,0.138491511,0.202556714,1.057041526,1.100510836,0.993202031,1.023160219
362.9854736,0.142058477,0.207845151,1.073995471,1.116944551,1.004419208,1.036809921
362.0115051,0.14511393,0.212597266,1.088073969,1.131744385,1.017270803,1.048964262
360.9984131,0.147998676,0.218017682,1.102648735,1.148755908,1.031808138,1.063261271
359.9852295,0.152298808,0.223790199,1.122349381,1.168350458,1.047634959,1.079603553
359.0108337,0.156748191,0.229823008,1.141555786,1.188099742,1.06069231,1.09556365
357.997345,0.160526529,0.23562108,1.156316757,1.204673409,1.073496938,1.110061646
356.9836731,0.163911149,0.240703017,1.172015071,1.222175717,1.090140343,1.124625325
356.0088806,0.168317065,0.246631458,1.191663384,1.242051959,1.10473609,1.141640425
354.9949646,0.172737867,0.252702773,1.212305069,1.263082147,1.120570183,1.158643842
353.9808655,0.176207319,0.258285373,1.229709506,1.281422615,1.134497166,1.174683809
353.0056763,0.179618344,0.262835473,1.244595051,1.298372746,1.147509694,1.188472033
351.991333,0.183490574,0.268551648,1.264597178,1.31903255,1.164736152,1.207817435
351.0158386,0.187574744,0.273519784,1.284189582,1.338474512,1.180786848,1.223714232
350.0011902,0.190815583,0.278600067,1.301492214,1.356038928,1.195792794,1.240494967
,,,,,,
30 s reaction_overnight,,,,,,
30 s reaction_overnight,,,,,,
Collection Time: 23/10/2025 09:43:32,,,,,,
Operator Name  :,,,,,,
Scan Version 5.3.0.1083,,,,,,
Parameter List :,,,,,,
Instrument  Cary 60,,,,,,
Instrument Version  2.00,,,,,,
Start (nm)  800.0,,,,,,
Stop (nm)  350.0,,,,,,
X Mode  Nanometers,,,,,,
Y Mode  Abs,,,,,,
UV-Vis Scan Rate (nm/min)  600.000,,,,,,
UV-Vis Data Interval (nm)  1.00,,,,,,
UV-Vis Ave. Time (sec)  0.1000,,,,,,
Beam Mode  Dual Beam,,,,,,
Baseline Correction  On,,,,,,
Baseline Type  Baseline correction,,,,,,
Baseline File Name  C:\Users\Agilent UV2\Desktop\20251020 UV-Vis Raw Data A.Li A. Concannon Trial Run\toluene.CSW,,,,,,
Baseline Std Ref File Name,,,,,,
Cycle Mode  Off,,,,,,
Method Log     :,,,,,,
Method Name    :,,,,,,
Date/Time stamp: 23/10/2025 09:42:35,,,,,,
Method Modifications:,,,,,,
UVVIS SAT Changed: 23/10/2025 09:42:50,, Old:0.0125,,,,
Common SAT Changed: 23/10/2025 09:42:50,, Old:0.0125,,,,
Baseline Correction Changed: 23/10/2025 09:43:02,, Old:0,,,,
Baseline file Changed: 23/10/2025 09:43:02,, Old:,,,,
X Stop nm Changed: 23/10/2025 09:43:03,, Old:  200.0,,,,
Common Interval nm Changed: 23/10/2025 09:43:03,, Old:     5.00,,,,
End Method Modifications,,,,,,
<Current Wavelength> ,,355,,,,
,,,,,,
300 s reaction_overnight,,,,,,
300 s reaction_overnight,,,,,,
Collection Time: 23/10/2025 09:44:40,,,,,,
Operator Name  :,,,,,,
Scan Version 5.3.0.1083,,,,,,
Parameter List :,,,,,,
Instrument  Cary 60,,,,,,
Instrument Version  2.00,,,,,,
Start (nm)  800.0,,,,,,
Stop (nm)  350.0,,,,,,
X Mode  Nanometers,,,,,,
Y Mode  Abs,,,,,,
UV-Vis Scan Rate (nm/min)  600.000,,,,,,
UV-Vis Data Interval (nm)  1.00,,,,,,
UV-Vis Ave. Time (sec)  0.1000,,,,,,
Beam Mode  Dual Beam,,,,,,
Baseline Correction  On,,,,,,
Baseline Type  Baseline correction,,,,,,
Baseline File Name  C:\Users\Agilent UV2\Desktop\20251020 UV-Vis Raw Data A.Li A. Concannon Trial Run\toluene.CSW,,,,,,
Baseline Std Ref File Name,,,,,,
Cycle Mode  Off,,,,,,
Method Log     :,,,,,,
Method Name    :,,,,,,
Date/Time stamp: 23/10/2025 09:42:35,,,,,,
Method Modifications:,,,,,,
UVVIS SAT Changed: 23/10/2025 09:42:50,, Old:0.0125,,,,
Common SAT Changed: 23/10/2025 09:42:50,, Old:0.0125,,,,
Baseline Correction Changed: 23/10/2025 09:43:02,, Old:0,,,,
Baseline file Changed: 23/10/2025 09:43:02,, Old:,,,,
X Stop nm Changed: 23/10/2025 09:43:03,, Old:  200.0,,,,
Common Interval nm Changed: 23/10/2025 09:43:03,, Old:     5.00,,,,
End Method Modifications,,,,,,
<Current Wavelength> ,,356,,,,
,,,,,,
600 s reaction_overnight,,,,,,
600 s reaction_overnight,,,,,,
Collection Time: 23/10/2025 09:48:17,,,,,,
Operator Name  :,,,,,,
Scan Version 5.3.0.1083,,,,,,
Parameter List :,,,,,,
Instrument  Cary 60,,,,,,
Instrument Version  2.00,,,,,,
Start (nm)  800.0,,,,,,
Stop (nm)  350.0,,,,,,
X Mode  Nanometers,,,,,,
Y Mode  Abs,,,,,,
UV-Vis Scan Rate (nm/min)  600.000,,,,,,
UV-Vis Data Interval (nm)  1.00,,,,,,
UV-Vis Ave. Time (sec)  0.1000,,,,,,
Beam Mode  Dual Beam,,,,,,
Baseline Correction  On,,,,,,
Baseline Type  Baseline correction,,,,,,
Baseline File Name  C:\Users\Agilent UV2\Desktop\20251020 UV-Vis Raw Data A.Li A. Concannon Trial Run\toluene.CSW,,,,,,
Baseline Std Ref File Name,,,,,,
Cycle Mode  Off,,,,,,
Method Log     :,,,,,,
Method Name    :,,,,,,
Date/Time stamp: 23/10/2025 09:42:35,,,,,,
Method Modifications:,,,,,,
UVVIS SAT Changed: 23/10/2025 09:42:50,, Old:0.0125,,,,
Common SAT Changed: 23/10/2025 09:42:50,, Old:0.0125,,,,
Baseline Correction Changed: 23/10/2025 09:43:02,, Old:0,,,,
Baseline file Changed: 23/10/2025 09:43:02,, Old:,,,,
X Stop nm Changed: 23/10/2025 09:43:03,, Old:  200.0,,,,
Common Interval nm Changed: 23/10/2025 09:43:03,, Old:     5.00,,,,
End Method Modifications,,,,,,
<Current Wavelength> ,,352,,,,